env,agent,success_mean,success_std,reward_mean,reward_std,steps_mean,steps_std,n
GoToRedBall,baseline,0.594,0.043931765272977596,0.560896875,0.041154585435206996,28.338,2.6142914910162536,5
GoToRedBall,macro,0.952,0.01643167672515496,0.790928125,0.014835674612599804,14.526,0.9644843181721512,5
GoToRedBallGrey,baseline,0.572,0.049193495504995376,0.5390937499999999,0.046029111192249235,29.732,2.923434623862829,5
GoToRedBallGrey,macro,0.9560000000000001,0.028809720581775826,0.76745,0.02249343274383799,16.224,1.4195527464662943,5
